timestamp_utc,tren,linea,retraso_min,origen,destino,latitud,longitud,accesible,mat
2026-03-14T00:00:30Z,17113,Madrid - Ávila,4,10203,10400,40.65721,-4.68309,False,465058
2026-03-14T00:00:30Z,18096,Barcelona S - Valencia N,72,65400,79400,41.379074,2.139723,False,"470128,470190"
2026-03-14T00:00:30Z,05214,Madrid - Valencia J.Sorolla,11,17000,03216,39.457085,-0.3817356,False,106011
2026-03-14T00:15:15Z,18096,Barcelona S - Valencia N,73,65400,79400,41.39857,2.1874444,False,"470128,470190"
2026-03-14T00:30:24Z,18096,Barcelona S - Valencia N,73,65400,79400,41.39857,2.1874444,False,"470128,470190"
2026-03-14T04:30:23Z,04154,Madrid - Ourense - A Coruña,0,31412,17000,43.170143,-8.453722,False,106054
2026-03-14T04:30:23Z,14541,Murcia - Cartagena (Proximidad),0,61307,61200,37.747013,-0.9672061,False,592005
2026-03-14T04:45:16Z,04154,Madrid - Ourense - A Coruña,1,31412,17000,42.871716,-8.54171,False,106054
2026-03-14T04:45:16Z,03062,Madrid PA - Zaragoza - Barcelona - Figueres,0,04307,60000,41.98014,2.8162127,False,103021
2026-03-14T04:45:16Z,14541,Murcia - Cartagena (Proximidad),3,61307,61200,37.818768,-0.95074505,False,592005
2026-03-14T04:59:14Z,04154,Madrid - Ourense - A Coruña,1,31412,17000,42.78164,-8.389532,False,106054
2026-03-14T04:59:14Z,15040,Barcelona E.F. - Valls - Lleida Pirineus,1,78400,79400,41.518814,0.88305986,False,447176
2026-03-14T04:59:14Z,18120,LMD2501,1,65400,79400,40.753696,0.6141503,False,"448012,448013"
2026-03-14T04:59:14Z,03062,Madrid PA - Zaragoza - Barcelona - Figueres,2,04307,60000,41.726368,2.5675251,False,103021
2026-03-14T04:59:14Z,18121,LMD2501,-1,79400,65400,41.38422,2.1855106,False,447034
2026-03-14T04:59:14Z,18066,Madrid - Palencia,-1,14100,10000,41.91659,-4.496869,False,449052
2026-03-14T04:59:14Z,15000,LMD2503,3,71400,79400,41.160595,1.0999595,False,"470025,470187"
2026-03-14T04:59:14Z,12689,A Coruña - Ferrol,4,21010,31412,43.421772,-8.180044,False,594105
2026-03-14T05:00:26Z,04154,Madrid - Ourense - A Coruña,1,31412,17000,42.769936,-8.364631,False,106054
2026-03-14T05:00:26Z,15040,Barcelona E.F. - Valls - Lleida Pirineus,1,78400,79400,41.516712,0.8869722,False,447176
2026-03-14T05:00:26Z,18120,LMD2501,1,65400,79400,40.753696,0.6141503,False,"448012,448013"
2026-03-14T05:00:26Z,03062,Madrid PA - Zaragoza - Barcelona - Figueres,2,04307,60000,41.722042,2.5508094,False,103021
2026-03-14T05:00:26Z,18121,LMD2501,-1,79400,65400,41.39203,2.1646564,False,447034
2026-03-14T05:00:26Z,18066,Madrid - Palencia,-1,14100,10000,41.914154,-4.4998703,False,449052
2026-03-14T05:00:26Z,15000,LMD2503,3,71400,79400,41.160595,1.0999595,False,"470025,470187"
2026-03-14T05:00:26Z,12689,A Coruña - Ferrol,4,21010,31412,43.421867,-8.174401,False,594105
2026-03-14T05:15:15Z,15051,LMD2504,2,71500,78400,41.160595,1.0999595,False,470071
2026-03-14T05:15:15Z,15040,Barcelona E.F. - Valls - Lleida Pirineus,2,78400,79400,41.408325,0.99062204,False,447176
2026-03-14T05:15:15Z,18120,LMD2501,2,65400,79400,40.753696,0.6141503,False,"448012,448013"
2026-03-14T05:15:15Z,18066,Madrid - Palencia,0,14100,10000,41.71575,-4.665961,False,449052
2026-03-14T05:15:15Z,15772,LMD2502,-1,79309,71801,42.041107,2.9326053,False,"449027,449038"
2026-03-14T05:15:15Z,14541,Murcia - Cartagena (Proximidad),8,61307,61200,37.976032,-1.0885359,False,592005
2026-03-14T05:15:15Z,18121,LMD2501,0,79400,65400,41.33098,2.0892723,False,447034
2026-03-14T05:15:15Z,15000,LMD2503,10,71400,79400,41.111366,1.2533424,False,"470025,470187"
2026-03-14T05:15:15Z,18071,Burgos - Vitoria - Pamplona - Zaragoza,-2,71100,11200,41.71094,-0.99849737,False,470140
2026-03-14T05:15:15Z,04154,Madrid - Ourense - A Coruña,1,31412,17000,42.434166,-8.040702,False,106054
2026-03-14T05:15:15Z,05871,Madrid PA - Valencia J.S. - Castellon,1,65300,60000,39.792957,-0.18178147,False,100008
2026-03-14T05:15:15Z,02061,Madrid PA - Sevilla,0,51003,60000,37.531994,-5.882145,False,103018
2026-03-14T05:15:15Z,04464,Madrid - Ourense - Vigo,0,08223,17000,42.42168,-8.635511,False,106063
2026-03-14T05:15:15Z,03062,Madrid PA - Zaragoza - Barcelona - Figueres,2,04307,60000,41.45217,2.1960428,False,103021
2026-03-14T05:15:15Z,12689,A Coruña - Ferrol,7,21010,31412,43.35105,-8.205483,False,594105
2026-03-14T05:15:15Z,18910,Salamanca - Madrid,3,30100,10000,40.881683,-5.146845,False,599022
2026-03-14T05:30:21Z,15031,LMD2508,-2,79400,71400,41.37995,2.1420758,False,447027
2026-03-14T05:30:21Z,15040,Barcelona E.F. - Valls - Lleida Pirineus,2,78400,79400,41.373528,1.1687758,False,447176
2026-03-14T05:30:21Z,15051,LMD2504,3,71500,78400,41.160595,1.0999595,False,470071
2026-03-14T05:30:21Z,18120,LMD2501,1,65400,79400,40.8861,0.8006144,False,"448012,448013"
2026-03-14T05:30:21Z,18066,Madrid - Palencia,3,14100,10000,41.64185,-4.7274117,False,449052
2026-03-14T05:30:21Z,18121,LMD2501,-1,79400,65400,41.2392,1.8097444,False,447034
2026-03-14T05:30:21Z,17021,Madrid - Cáceres - Badajoz,2,35400,18000,39.688484,-6.4714975,False,599036
2026-03-14T05:30:21Z,15772,LMD2502,0,79309,71801,41.965565,2.8114538,False,"449027,449038"
2026-03-14T05:30:21Z,15000,LMD2503,14,71400,79400,41.142723,1.4057415,False,"470025,470187"
2026-03-14T05:30:21Z,18084,Valencia N - Vinaroz - Tortosa,0,65312,65314,40.609135,0.4636756,False,449023
2026-03-14T05:30:21Z,04334,Madrid - Ourense - A Coruña,-636,31412,17000,42.350533,-7.872692,False,106057
2026-03-14T05:30:21Z,05668,Madrid - Murcia,4,17000,61200,40.38293,-3.6817245,False,106012
2026-03-14T05:30:21Z,18071,Burgos - Vitoria - Pamplona - Zaragoza,-1,71100,11200,41.722538,-1.0203216,False,470140
2026-03-14T05:30:21Z,04088,Madrid Ch - Valladolid - León - Ponferrada,-1,20200,17000,42.545635,-6.6020417,False,121029
2026-03-14T05:30:21Z,04154,Madrid - Ourense - A Coruña,1,31412,17000,42.350388,-7.8714657,False,106054
2026-03-14T05:30:21Z,05871,Madrid PA - Valencia J.S. - Castellon,2,65300,60000,39.583477,-0.3128046,False,100008
2026-03-14T05:30:21Z,02061,Madrid PA - Sevilla,0,51003,60000,37.71905,-5.350593,False,103018
2026-03-14T05:30:21Z,04464,Madrid - Ourense - Vigo,-1,08223,17000,42.59514,-8.746007,False,106063
2026-03-14T05:30:21Z,03062,Madrid PA - Zaragoza - Barcelona - Figueres,1,04307,60000,41.421467,2.1935012,False,103021
2026-03-14T05:30:21Z,12689,A Coruña - Ferrol,11,21010,31412,43.273434,-8.227026,False,594105
2026-03-14T05:30:21Z,18910,Salamanca - Madrid,3,30100,10000,40.82032,-4.908928,False,599022
2026-03-14T05:30:21Z,12611,Vigo - Ourense - Ponferrada,1,20200,22100,42.536808,-6.7511425,False,470046
2026-03-14T05:45:15Z,13041,Sevilla - Huelva,0,43019,51003,37.311813,-6.841049,False,449053
2026-03-14T05:45:15Z,15040,Barcelona E.F. - Valls - Lleida Pirineus,5,78400,79400,41.309128,1.1911498,False,447176
2026-03-14T05:45:15Z,18054,LMD2501,0,65314,65400,40.75367,0.6138796,False,449023
2026-03-14T05:45:15Z,17021,Madrid - Cáceres - Badajoz,2,35400,18000,39.801914,-6.334497,False,599036
2026-03-14T05:45:15Z,15000,LMD2503,15,71400,79400,41.142723,1.4057415,False,"470025,470187"
2026-03-14T05:45:15Z,18071,Burgos - Vitoria - Pamplona - Zaragoza,-3,71100,11200,41.82614,-1.2439785,False,470140
2026-03-14T05:45:15Z,04088,Madrid Ch - Valladolid - León - Ponferrada,-1,20200,17000,42.609528,-6.42227,False,121029
2026-03-14T05:45:15Z,05871,Madrid PA - Valencia J.S. - Castellon,2,65300,60000,39.44538,-0.38354263,False,100008
2026-03-14T05:45:15Z,01072,Figueres - Barcelona - Valencia JS - Alicante,4,65000,71801,39.466072,-0.37742963,True,120008
2026-03-14T05:45:15Z,02061,Madrid PA - Sevilla,7,51003,60000,37.847256,-4.916692,False,103018
2026-03-14T05:45:15Z,04464,Madrid - Ourense - Vigo,-2,08223,17000,42.864155,-8.58551,False,106063
2026-03-14T05:45:15Z,17703,Madrid - Illescas - Talavera,0,35200,18000,39.96959,-4.3810315,False,599031
2026-03-14T05:45:15Z,18910,Salamanca - Madrid,5,30100,10000,40.748737,-4.7703094,False,599022
2026-03-14T05:45:15Z,12611,Vigo - Ourense - Ponferrada,3,20200,22100,42.540977,-6.7765784,False,470046
2026-03-14T05:45:15Z,15031,LMD2508,0,79400,71400,41.315907,2.0465848,False,447027
2026-03-14T05:45:15Z,15051,LMD2504,3,71500,78400,41.261547,1.1742945,False,470071
2026-03-14T05:45:15Z,15630,Lleida Pirineus - Cervera de Segarra,2,78400,78500,41.632572,0.90519184,False,447183
2026-03-14T05:45:15Z,18120,LMD2501,0,65400,79400,41.08109,1.0452087,False,"448012,448013"
2026-03-14T05:45:15Z,15772,LMD2502,6,79309,71801,41.85065,2.8065026,False,"449027,449038"
2026-03-14T05:45:15Z,18066,Madrid - Palencia,4,14100,10000,41.467445,-4.7837024,False,449052
2026-03-14T05:45:15Z,18121,LMD2501,1,79400,65400,41.204132,1.6760368,False,447034
2026-03-14T05:45:15Z,04334,Madrid - Ourense - A Coruña,-635,31412,17000,42.350533,-7.872692,False,106057
2026-03-14T05:45:15Z,03301,Madrid PA - Zaragoza - Barcelona - Figueres,-3,60000,71801,40.41757,-3.464841,False,103005
2026-03-14T05:45:15Z,05668,Madrid - Murcia,4,17000,61200,40.025585,-3.6576407,False,106012
2026-03-14T05:45:15Z,04154,Madrid - Ourense - A Coruña,5,31412,17000,42.257103,-7.8218546,False,106054
2026-03-14T05:45:15Z,05763,Murcia - Madrid - Burgos,-1,61200,11014,38.114704,-0.88839215,False,112015
2026-03-14T05:45:15Z,08475,Sevilla S.J. - Granada,1,05000,51003,37.21013,-4.04766,False,104008
2026-03-14T05:45:15Z,05064,Madrid - Valencia J.Sorolla,3,17000,03216,40.38963,-3.673951,False,106013
2026-03-14T05:45:15Z,03062,Madrid PA - Zaragoza - Barcelona - Figueres,-1,04307,60000,41.342827,2.0562828,False,103021
2026-03-14T05:45:15Z,02075,Madrid PA - Sevilla - Cádiz,1,51405,60000,36.467644,-6.207068,True,130005
2026-03-14T05:45:15Z,13951,Sevilla - Almería,3,56310,05000,37.033615,-2.529149,False,599020
2026-03-14T05:45:15Z,12689,A Coruña - Ferrol,11,21010,31412,43.30449,-8.356556,False,594105
2026-03-14T05:45:15Z,35869,Barcelona S - Valencia N,2,65400,04104,40.80719,0.522854,True,120009
2026-03-14T05:56:22Z,13041,Sevilla - Huelva,0,43019,51003,37.311813,-6.841049,False,449053
2026-03-14T05:56:22Z,15040,Barcelona E.F. - Valls - Lleida Pirineus,2,78400,79400,41.292675,1.2525473,False,447176
2026-03-14T05:56:22Z,18054,LMD2501,0,65314,65400,40.8023,0.5233183,False,449023
2026-03-14T05:56:22Z,17021,Madrid - Cáceres - Badajoz,1,35400,18000,39.86468,-6.231942,False,599036
2026-03-14T05:56:22Z,15000,LMD2503,22,71400,79400,41.204132,1.6760368,False,"470025,470187"
2026-03-14T05:56:22Z,18071,Burgos - Vitoria - Pamplona - Zaragoza,-3,71100,11200,41.82614,-1.2439785,False,470140
2026-03-14T05:56:22Z,04088,Madrid Ch - Valladolid - León - Ponferrada,-2,20200,17000,42.606647,-6.294959,False,121029
2026-03-14T05:56:22Z,05871,Madrid PA - Valencia J.S. - Castellon,0,65300,60000,39.459396,-0.38126814,False,100008
2026-03-14T05:56:22Z,01072,Figueres - Barcelona - Valencia JS - Alicante,3,65000,71801,39.588375,-0.3118693,True,120008
2026-03-14T05:56:22Z,02061,Madrid PA - Sevilla,4,51003,60000,37.890507,-4.785639,False,103018
2026-03-14T05:56:22Z,04464,Madrid - Ourense - Vigo,-2,08223,17000,42.782413,-8.391178,False,106063
2026-03-14T05:56:22Z,17703,Madrid - Illescas - Talavera,0,35200,18000,39.97878,-4.2831454,False,599031
2026-03-14T05:56:22Z,34609,Figueres - Barcelona - Valencia JS - Alicante,1,71801,04307,41.453415,2.1950688,False,130043
2026-03-14T05:56:22Z,13003,Sevilla - Cádiz,-1,51405,51003,36.467735,-6.2070074,False,449050
2026-03-14T05:56:22Z,15902,LMD2502,2,71801,79309,41.410515,2.189369,False,"447041,447049"
2026-03-14T05:56:22Z,18910,Salamanca - Madrid,5,30100,10000,40.664986,-4.6905513,False,599022
2026-03-14T05:56:22Z,15648,Zaragoza - Canfranc,0,04040,74217,41.6509,-0.89489335,False,599005
2026-03-14T05:56:22Z,09072,A Coruña - Santiago - Vigo Urzaiz,0,08223,31412,42.421593,-8.635553,False,121005
2026-03-14T05:56:22Z,12611,Vigo - Ourense - Ponferrada,6,20200,22100,42.420643,-6.8294034,False,470046
2026-03-14T05:56:22Z,16000,Miranda - Vitoria - Irun,0,11505,11208,43.144436,-2.0728881,False,447146
2026-03-14T05:56:22Z,15031,LMD2508,-1,79400,71400,41.25118,1.8964595,False,447027
2026-03-14T05:56:22Z,15051,LMD2504,3,71500,78400,41.30604,1.1947918,False,470071
2026-03-14T05:56:22Z,15850,LMD2502,0,79309,71801,42.07157,2.9646535,False,"449020,449024"
2026-03-14T05:56:22Z,15630,Lleida Pirineus - Cervera de Segarra,5,78400,78500,41.63295,1.008578,False,447183
2026-03-14T05:56:22Z,18120,LMD2501,1,65400,79400,41.11299,1.1505345,False,"448012,448013"
2026-03-14T05:56:22Z,18121,LMD2501,1,79400,65400,41.185974,1.524699,False,447034
2026-03-14T05:56:22Z,15211,L'Arboç - Tarragona - Salou-Port Aventura,1,71500,65411,41.0885,1.1458733,False,470116
2026-03-14T05:56:22Z,15772,LMD2502,7,79309,71801,41.793743,2.6951866,False,"449027,449038"
2026-03-14T05:56:22Z,18066,Madrid - Palencia,5,14100,10000,41.31695,-4.9102077,False,449052
2026-03-14T05:56:22Z,14123,Valencia - Alicante - Murcia - Cartagena,1,65000,61200,39.43019,-0.3894261,False,599014
2026-03-14T05:56:22Z,04334,Madrid - Ourense - A Coruña,-635,31412,17000,42.350533,-7.872692,False,106057
2026-03-14T05:56:22Z,03301,Madrid PA - Zaragoza - Barcelona - Figueres,1,60000,71801,40.586,-3.1266341,False,103005
2026-03-14T05:56:22Z,05668,Madrid - Murcia,0,17000,61200,39.98036,-3.0913544,False,106012
2026-03-14T05:56:22Z,04154,Madrid - Ourense - A Coruña,5,31412,17000,42.225677,-7.7211614,False,106054
2026-03-14T05:56:22Z,05763,Murcia - Madrid - Burgos,-2,61200,11014,38.24663,-0.7661403,False,112015
2026-03-14T05:56:22Z,08475,Sevilla S.J. - Granada,1,05000,51003,37.180824,-4.1739054,False,104008
2026-03-14T05:56:22Z,05064,Madrid - Valencia J.Sorolla,2,17000,03216,40.169018,-3.7319975,False,106013
2026-03-14T05:56:22Z,03062,Madrid PA - Zaragoza - Barcelona - Figueres,-1,04307,60000,41.34463,1.7036328,False,103021
2026-03-14T05:56:22Z,02075,Madrid PA - Sevilla - Cádiz,1,51405,60000,36.549038,-6.2011847,True,130005
2026-03-14T05:56:22Z,13951,Sevilla - Almería,3,56310,05000,37.116787,-2.5978389,False,599020
2026-03-14T05:56:22Z,04072,Alicante - Madrid - Valladolid - Santander,0,14223,60911,43.382374,-3.8767483,True,130026
2026-03-14T05:56:22Z,12689,A Coruña - Ferrol,10,21010,31412,43.349033,-8.414592,False,594105
2026-03-14T05:56:22Z,35869,Barcelona S - Valencia N,3,65400,04104,40.753696,0.6141503,True,120009
2026-03-14T05:56:22Z,05080,Valencia - Madrid - Burgos,0,11014,03216,42.0678,-4.21685,True,112030
2026-03-14T06:00:30Z,13041,Sevilla - Huelva,1,43019,51003,37.38684,-6.598804,False,449053
2026-03-14T06:00:30Z,15040,Barcelona E.F. - Valls - Lleida Pirineus,2,78400,79400,41.28964,1.259035,False,447176
2026-03-14T06:00:30Z,18054,LMD2501,-2,65314,65400,40.807194,0.5228517,False,449023
2026-03-14T06:00:30Z,17021,Madrid - Cáceres - Badajoz,1,35400,18000,39.885166,-6.198235,False,599036
2026-03-14T06:00:30Z,18331,Madrid - Puertollano - Badajoz,0,37606,60400,38.93111,-6.7722864,False,599050
2026-03-14T06:00:30Z,15000,LMD2503,22,71400,79400,41.204132,1.6760368,False,"470025,470187"
2026-03-14T06:00:30Z,18071,Burgos - Vitoria - Pamplona - Zaragoza,0,71100,11200,41.91493,-1.4201784,False,470140
2026-03-14T06:00:30Z,04088,Madrid Ch - Valladolid - León - Ponferrada,-1,20200,17000,42.630592,-6.251386,False,121029
2026-03-14T06:00:30Z,05871,Madrid PA - Valencia J.S. - Castellon,0,65300,60000,39.447617,-0.38374263,False,100008
2026-03-14T06:00:30Z,01072,Figueres - Barcelona - Valencia JS - Alicante,2,65000,71801,39.66823,-0.2757795,True,120008
2026-03-14T06:00:30Z,02061,Madrid PA - Sevilla,4,51003,60000,37.93585,-4.6754985,False,103018
2026-03-14T06:00:30Z,04464,Madrid - Ourense - Vigo,-2,08223,17000,42.742264,-8.234688,False,106063
2026-03-14T06:00:30Z,17703,Madrid - Illescas - Talavera,0,35200,18000,39.97878,-4.2831454,False,599031
2026-03-14T06:00:30Z,34609,Figueres - Barcelona - Valencia JS - Alicante,1,71801,04307,41.540974,2.2290928,False,130043
2026-03-14T06:00:30Z,13003,Sevilla - Cádiz,-1,51405,51003,36.504692,-6.14557,False,449050
2026-03-14T06:00:30Z,15902,LMD2502,2,71801,79309,41.433376,2.1949422,False,"447041,447049"
2026-03-14T06:00:30Z,18910,Salamanca - Madrid,5,30100,10000,40.653988,-4.6816406,False,599022
2026-03-14T06:00:30Z,09072,A Coruña - Santiago - Vigo Urzaiz,0,08223,31412,42.421593,-8.635553,False,121005
2026-03-14T06:00:30Z,15648,Zaragoza - Canfranc,1,04040,74217,41.652718,-0.89602864,False,599005
2026-03-14T06:00:30Z,12611,Vigo - Ourense - Ponferrada,7,20200,22100,42.420643,-6.8294034,False,470046
2026-03-14T06:00:30Z,16000,Miranda - Vitoria - Irun,7,11505,11208,43.12847,-2.0879216,False,447146
2026-03-14T06:00:30Z,15031,LMD2508,0,79400,71400,41.237633,1.8241643,False,447027
2026-03-14T06:00:30Z,15051,LMD2504,3,71500,78400,41.30604,1.1947918,False,470071
2026-03-14T06:00:30Z,18120,LMD2501,1,65400,79400,41.11299,1.1505345,False,"448012,448013"
2026-03-14T06:00:30Z,15850,LMD2502,-1,79309,71801,42.04816,2.95816,False,"449020,449024"
2026-03-14T06:00:30Z,15630,Lleida Pirineus - Cervera de Segarra,5,78400,78500,41.638947,1.045261,False,447183
2026-03-14T06:00:30Z,18121,LMD2501,0,79400,65400,41.185974,1.524699,False,447034
2026-03-14T06:00:30Z,18066,Madrid - Palencia,5,14100,10000,41.29546,-4.9001904,False,449052
2026-03-14T06:00:30Z,14123,Valencia - Alicante - Murcia - Cartagena,1,65000,61200,39.41264,-0.39388677,False,599014
2026-03-14T06:00:30Z,15772,LMD2502,7,79309,71801,41.740616,2.6187274,False,"449027,449038"
2026-03-14T06:00:30Z,15211,L'Arboç - Tarragona - Salou-Port Aventura,1,71500,65411,41.0885,1.1458733,False,470116
2026-03-14T06:00:30Z,18002,Madrid - León,0,15100,10000,42.50826,-5.555907,False,449049
2026-03-14T06:00:30Z,04334,Madrid - Ourense - A Coruña,-635,31412,17000,42.350533,-7.872692,False,106057
2026-03-14T06:00:30Z,03301,Madrid PA - Zaragoza - Barcelona - Figueres,1,60000,71801,40.69864,-3.0530107,False,103005
2026-03-14T06:00:30Z,05668,Madrid - Murcia,0,17000,61200,39.98555,-2.9699516,False,106012
2026-03-14T06:00:30Z,04154,Madrid - Ourense - A Coruña,5,31412,17000,42.170185,-7.592451,False,106054
2026-03-14T06:00:30Z,05763,Murcia - Madrid - Burgos,-2,61200,11014,38.302803,-0.7451258,False,112015
2026-03-14T06:00:30Z,08475,Sevilla S.J. - Granada,1,05000,51003,37.15507,-4.2011213,False,104008
2026-03-14T06:00:30Z,05064,Madrid - Valencia J.Sorolla,4,17000,03216,40.031822,-3.6623938,False,106013
2026-03-14T06:00:30Z,03062,Madrid PA - Zaragoza - Barcelona - Figueres,0,04307,60000,41.22785,1.5267831,False,103021
2026-03-14T06:00:30Z,02075,Madrid PA - Sevilla - Cádiz,1,51405,60000,36.60426,-6.216912,True,130005
2026-03-14T06:00:30Z,13951,Sevilla - Almería,3,56310,05000,37.120533,-2.6046987,False,599020
2026-03-14T06:00:30Z,04072,Alicante - Madrid - Valladolid - Santander,-1,14223,60911,43.351383,-3.9300478,True,130026
2026-03-14T06:00:30Z,12689,A Coruña - Ferrol,10,21010,31412,43.34946,-8.414026,False,594105
2026-03-14T06:00:30Z,35869,Barcelona S - Valencia N,3,65400,04104,40.753696,0.6141503,True,120009
2026-03-14T06:00:30Z,05080,Valencia - Madrid - Burgos,0,11014,03216,41.957413,-4.395936,True,112030
2026-03-14T06:15:15Z,71800,El Ferrol - Oviedo,0,05193,21010,43.536007,-7.055802,False,527017
2026-03-14T06:15:15Z,13041,Sevilla - Huelva,1,43019,51003,37.39082,-6.5544143,False,449053
2026-03-14T06:15:15Z,18054,LMD2501,2,65400,79400,40.75882,0.56110775,False,449023
2026-03-14T06:15:15Z,18010,Altsasu - Vitoria Gasteiz - Miranda de Ebro,0,11300,11208,42.86916,-2.3042488,False,449004
2026-03-14T06:15:15Z,18331,Madrid - Puertollano - Badajoz,-4,37606,60400,38.913235,-6.54732,False,599050
2026-03-14T06:15:15Z,04088,Madrid Ch - Valladolid - León - Ponferrada,-1,20200,17000,42.632725,-6.201022,False,121029
2026-03-14T06:15:15Z,02061,Madrid PA - Sevilla,7,51003,60000,38.303257,-4.5691094,False,103018
2026-03-14T06:15:15Z,01092,Figueres - Barcelona - Valencia JS - Alicante,2,60911,71801,38.40622,-0.6969111,True,130036
2026-03-14T06:15:15Z,13003,Sevilla - Cádiz,-1,51405,51003,36.622765,-6.1387544,False,449050
2026-03-14T06:15:15Z,15902,LMD2502,5,71801,79309,41.542477,2.2251675,False,"447041,447049"
2026-03-14T06:15:15Z,16000,Miranda - Vitoria - Irun,8,11505,11208,43.052467,-2.1847477,False,447146
2026-03-14T06:15:15Z,15032,Barcelona - Caspe - Zaragoza - Madrid,-1,71204,71209,41.240013,-0.042713903,False,448030
2026-03-14T06:15:15Z,15031,LMD2508,1,79400,71400,41.196472,1.6410978,False,447027
2026-03-14T06:15:15Z,12480,A Coruña - Vigo,-1,22308,31400,42.359177,-8.625555,False,594015
2026-03-14T06:15:15Z,15630,Lleida Pirineus - Cervera de Segarra,9,78400,78500,41.667965,1.1811441,False,447183
2026-03-14T06:15:15Z,18066,Madrid - Palencia,4,14100,10000,41.11781,-4.750573,False,449052
2026-03-14T06:15:15Z,03301,Madrid PA - Zaragoza - Barcelona - Figueres,0,60000,71801,40.936176,-2.6248443,False,103005
2026-03-14T06:15:15Z,04154,Madrid - Ourense - A Coruña,6,31412,17000,42.04439,-7.0307026,False,106054
2026-03-14T06:15:15Z,05763,Murcia - Madrid - Burgos,0,61200,11014,38.71839,-0.9321644,False,112015
2026-03-14T06:15:15Z,08475,Sevilla S.J. - Granada,1,05000,51003,37.02957,-4.5516114,False,104008
2026-03-14T06:15:15Z,03062,Madrid PA - Zaragoza - Barcelona - Figueres,1,04307,60000,41.40507,1.0900016,False,103021
2026-03-14T06:15:15Z,04072,Alicante - Madrid - Valladolid - Santander,0,14223,60911,43.32772,-4.041728,True,130026
2026-03-14T06:15:15Z,35869,Barcelona S - Valencia N,4,65400,04104,40.8861,0.8006144,True,120009
2026-03-14T06:15:15Z,05080,Valencia - Madrid - Burgos,0,11014,03216,41.66719,-4.6994133,True,112030
2026-03-14T06:15:15Z,12644,A Coruña - Lugo - Monforte,0,31412,22100,43.35274,-8.409731,False,594106
2026-03-14T06:15:15Z,15040,Barcelona E.F. - Valls - Lleida Pirineus,11,78400,79400,41.222477,1.3770063,False,447176
2026-03-14T06:15:15Z,17021,Madrid - Cáceres - Badajoz,2,35400,18000,40.01867,-6.1024265,False,599036
2026-03-14T06:15:15Z,15000,LMD2503,30,71400,79400,41.249958,1.8934364,False,"470025,470187"
2026-03-14T06:15:15Z,18071,Burgos - Vitoria - Pamplona - Zaragoza,0,71100,11200,42.059517,-1.5976725,False,470140
2026-03-14T06:15:15Z,05871,Madrid PA - Valencia J.S. - Castellon,-2,65300,60000,39.46529,-0.96041733,False,100008
2026-03-14T06:15:15Z,01072,Figueres - Barcelona - Valencia JS - Alicante,3,65000,71801,39.853043,-0.1524669,True,120008
2026-03-14T06:15:15Z,04464,Madrid - Ourense - Vigo,-4,08223,17000,42.3834,-7.962793,False,106063
2026-03-14T06:15:15Z,13901,Sevilla - Málaga,0,54413,51003,36.73074,-4.5965204,False,598014
2026-03-14T06:15:15Z,04186,Madrid Ch - Valladolid - Bilbao,5,13200,17000,43.179092,-2.90287,True,120055
2026-03-14T06:15:15Z,17703,Madrid - Illescas - Talavera,1,35200,18000,40.12087,-3.8421173,False,599031
2026-03-14T06:15:15Z,34609,Figueres - Barcelona - Valencia JS - Alicante,4,71801,04307,41.773277,2.6747277,False,130043
2026-03-14T06:15:15Z,09073,A Coruña - Santiago - Vigo Urzaiz,-1,31412,08223,43.20765,-8.446858,False,121007
2026-03-14T06:15:15Z,17227,Medina - Valladolid - Palencia (Proximidad),3,10500,10600,41.454388,-4.78671,False,594016
2026-03-14T06:15:15Z,18910,Salamanca - Madrid,6,30100,10000,40.601665,-4.4959636,False,599022
2026-03-14T06:15:15Z,09072,A Coruña - Santiago - Vigo Urzaiz,-1,08223,31412,42.6098,-8.764557,False,121005
2026-03-14T06:15:15Z,15648,Zaragoza - Canfranc,1,04040,74217,41.7824,-0.8132921,False,599005
2026-03-14T06:15:15Z,12613,León - Ponferrada,0,15100,20200,42.56403,-5.580409,False,440239
2026-03-14T06:15:15Z,13900,Sevilla - Málaga,5,51003,54413,37.335,-5.964394,False,598005
2026-03-14T06:15:15Z,12611,Vigo - Ourense - Ponferrada,8,20200,22100,42.418304,-6.9850497,False,470046
2026-03-14T06:15:15Z,15051,LMD2504,8,71500,78400,41.40052,1.1032217,False,470071
2026-03-14T06:15:15Z,18120,LMD2501,1,65400,79400,41.111366,1.2533424,False,"448012,448013"
2026-03-14T06:15:15Z,15850,LMD2502,1,79309,71801,41.97525,2.8151367,False,"449020,449024"
2026-03-14T06:15:15Z,18121,LMD2501,1,79400,65400,41.142723,1.4057415,False,447034
2026-03-14T06:15:15Z,15772,LMD2502,5,79309,71801,41.65965,2.4320154,False,"449027,449038"
2026-03-14T06:15:15Z,14123,Valencia - Alicante - Murcia - Cartagena,7,65000,61200,39.24976,-0.4346595,False,599014
2026-03-14T06:15:15Z,15210,L'Arboç - Tarragona - Salou-Port Aventura,3,65411,71500,41.107918,1.2113302,False,470116
2026-03-14T06:15:15Z,18002,Madrid - León,2,15100,10000,42.41293,-5.1698976,False,449049
2026-03-14T06:15:15Z,04334,Madrid - Ourense - A Coruña,-635,31412,17000,42.350533,-7.872692,False,106057
2026-03-14T06:15:15Z,05668,Madrid - Murcia,1,17000,61200,40.04395,-2.3599052,False,106012
2026-03-14T06:15:15Z,05064,Madrid - Valencia J.Sorolla,0,17000,03216,40.010696,-2.8805466,False,106013
2026-03-14T06:15:15Z,02077,Madrid PA - Granada,-2,05000,02003,37.17306,-4.120246,True,112004
2026-03-14T06:15:15Z,02075,Madrid PA - Sevilla - Cádiz,4,51405,60000,36.680687,-6.126659,True,130005
2026-03-14T06:15:15Z,13951,Sevilla - Almería,5,56310,05000,37.17599,-2.824368,False,599020
2026-03-14T06:15:15Z,02070,Madrid PA - Sevilla,0,60000,51003,40.271225,-3.716507,True,103013
2026-03-14T06:30:22Z,71800,El Ferrol - Oviedo,0,05193,21010,43.536007,-7.055802,False,527017
2026-03-14T06:30:22Z,13041,Sevilla - Huelva,3,43019,51003,37.35706,-6.208101,False,449053
2026-03-14T06:30:22Z,18775,Madrid - Plasencia - Sevilla,-12,30002,51003,40.022255,-6.099611,False,599012
2026-03-14T06:30:22Z,18054,LMD2501,3,65400,79400,40.79182,0.68285,False,449023
2026-03-14T06:30:22Z,18010,Altsasu - Vitoria Gasteiz - Miranda de Ebro,1,11300,11208,42.851826,-2.541933,False,449004
2026-03-14T06:30:22Z,18331,Madrid - Puertollano - Badajoz,1,37606,60400,38.92151,-6.342869,False,599050
2026-03-14T06:30:22Z,04088,Madrid Ch - Valladolid - León - Ponferrada,-2,20200,17000,42.45945,-6.0470614,False,121029
2026-03-14T06:30:22Z,04364,Madrid - Ourense - A Coruña,-1,31412,17000,43.20765,-8.446858,False,106060
2026-03-14T06:30:22Z,02061,Madrid PA - Sevilla,6,51003,60000,38.666454,-4.244938,False,103018
2026-03-14T06:30:22Z,01092,Figueres - Barcelona - Valencia JS - Alicante,5,60911,71801,38.50259,-0.80124676,True,130036
2026-03-14T06:30:22Z,13203,Palma R. - Córdoba - C.U. Rabanales - Villa R. (Proximidad),0,50506,50407,37.797543,-5.142423,False,449005
2026-03-14T06:30:22Z,13003,Sevilla - Cádiz,2,51405,51003,36.75513,-6.0630345,False,449050
2026-03-14T06:30:22Z,15902,LMD2502,5,71801,79309,41.635937,2.3463788,False,"447041,447049"
2026-03-14T06:30:22Z,16000,Miranda - Vitoria - Irun,8,11505,11208,43.081547,-2.3114984,False,447146
2026-03-14T06:30:22Z,15032,Barcelona - Caspe - Zaragoza - Madrid,-1,71204,71209,41.234406,0.1427755,False,448030
2026-03-14T06:30:22Z,12480,A Coruña - Vigo,1,22308,31400,42.531246,-8.646791,False,594015
2026-03-14T06:30:22Z,15031,LMD2508,3,79400,71400,41.149643,1.4232512,False,447027
2026-03-14T06:30:22Z,18302,Salamanca - Valladolid - Palencia,2,30100,10600,41.082474,-5.3997636,False,599009
2026-03-14T06:30:22Z,15630,Lleida Pirineus - Cervera de Segarra,8,78400,78500,41.673515,1.2741354,False,447183
2026-03-14T06:30:22Z,18066,Madrid - Palencia,2,14100,10000,40.754063,-4.646605,False,449052
2026-03-14T06:30:22Z,18100,Valladolid - Santander,2,14223,10600,43.42175,-3.844038,False,470008
2026-03-14T06:30:22Z,03301,Madrid PA - Zaragoza - Barcelona - Figueres,5,60000,71801,41.17491,-2.249186,False,103005
2026-03-14T06:30:22Z,04154,Madrid - Ourense - A Coruña,7,31412,17000,41.969036,-6.198137,False,106054
2026-03-14T06:30:22Z,04475,Madrid - Ourense - Vigo,2,17000,08223,40.75574,-3.7494278,False,106065
2026-03-14T06:30:22Z,05763,Murcia - Madrid - Burgos,-2,61200,11014,38.922604,-1.562493,False,112015
2026-03-14T06:30:22Z,08475,Sevilla S.J. - Granada,-1,05000,51003,37.090187,-4.723728,False,104008
2026-03-14T06:30:22Z,03062,Madrid PA - Zaragoza - Barcelona - Figueres,2,04307,60000,41.625042,0.43412015,False,103021
2026-03-14T06:30:22Z,04072,Alicante - Madrid - Valladolid - Santander,3,14223,60911,43.183228,-4.0492544,True,130026
2026-03-14T06:30:22Z,35869,Barcelona S - Valencia N,2,65400,04104,41.08109,1.0452087,True,120009
2026-03-14T06:30:22Z,05080,Valencia - Madrid - Burgos,4,11014,03216,41.51129,-4.7699146,True,112030
2026-03-14T06:30:22Z,17812,Madrid - Puertollano - Badajoz,0,37311,37606,38.707256,-5.336472,False,599004
2026-03-14T06:30:22Z,12644,A Coruña - Lugo - Monforte,0,31412,22100,43.31794,-8.368608,False,594106
2026-03-14T06:30:22Z,15041,Barcelona E.F. - Valls - Lleida Pirineus,-1,79400,78400,41.39203,2.1646564,False,470119
2026-03-14T06:30:22Z,15040,Barcelona E.F. - Valls - Lleida Pirineus,14,78400,79400,41.1864,1.45699,False,447176
2026-03-14T06:30:22Z,15003,LMD2503,-34,79400,71400,41.38422,2.1855106,False,470171
2026-03-14T06:30:22Z,17021,Madrid - Cáceres - Badajoz,2,35400,18000,39.952,-6.1507816,False,599036
2026-03-14T06:30:22Z,15000,LMD2503,32,71400,79400,41.303207,2.0106356,False,"470025,470187"
2026-03-14T06:30:22Z,18071,Burgos - Vitoria - Pamplona - Zaragoza,0,71100,11200,42.17272,-1.6925172,False,470140
2026-03-14T06:30:22Z,05871,Madrid PA - Valencia J.S. - Castellon,0,65300,60000,39.54859,-1.2912823,False,100008
2026-03-14T06:30:22Z,01072,Figueres - Barcelona - Valencia JS - Alicante,3,65000,71801,39.9882,-0.052046716,True,120008
2026-03-14T06:30:22Z,01071,Figueres - Barcelona - Valencia JS - Alicante,1,71801,65000,41.421116,2.003949,True,130001
2026-03-14T06:30:22Z,04464,Madrid - Ourense - Vigo,0,08223,17000,42.34565,-7.8605347,False,106063
2026-03-14T06:30:22Z,13901,Sevilla - Málaga,-6,54413,51003,36.792965,-4.7155447,False,598014
2026-03-14T06:30:22Z,04186,Madrid Ch - Valladolid - Bilbao,8,13200,17000,43.142227,-2.9605296,True,120055
2026-03-14T06:30:22Z,34609,Figueres - Barcelona - Valencia JS - Alicante,3,71801,04307,41.979424,2.8167083,False,130043
2026-03-14T06:30:22Z,16018,Burgos - Vitoria - Pamplona - Zaragoza,1,11200,11014,42.690903,-2.9411867,False,470238
2026-03-14T06:30:22Z,09073,A Coruña - Santiago - Vigo Urzaiz,0,31412,08223,42.870705,-8.544126,False,121007
2026-03-14T06:30:22Z,18910,Salamanca - Madrid,9,30100,10000,40.553917,-4.307519,False,599022
2026-03-14T06:30:22Z,17227,Medina - Valladolid - Palencia (Proximidad),6,10500,10600,41.60982,-4.7453046,False,594016
2026-03-14T06:30:22Z,15648,Zaragoza - Canfranc,-1,04040,74217,41.985947,-0.55658287,False,599005
2026-03-14T06:30:22Z,09072,A Coruña - Santiago - Vigo Urzaiz,1,08223,31412,42.845955,-8.6020975,False,121005
2026-03-14T06:30:22Z,12613,León - Ponferrada,-2,15100,20200,42.476406,-5.8201385,False,440239
2026-03-14T06:30:22Z,13900,Sevilla - Málaga,4,51003,54413,37.255363,-5.8779335,False,598005
2026-03-14T06:30:22Z,12611,Vigo - Ourense - Ponferrada,12,20200,22100,42.3925,-7.1132607,False,470046
2026-03-14T06:30:22Z,15051,LMD2504,9,71500,78400,41.425133,0.9701523,False,470071
2026-03-14T06:30:22Z,18120,LMD2501,2,65400,79400,41.142723,1.4057415,False,"448012,448013"
2026-03-14T06:30:22Z,15850,LMD2502,3,79309,71801,41.84009,2.799249,False,"449020,449024"
2026-03-14T06:30:22Z,71830,El Ferrol - Oviedo,0,15211,21010,43.36646,-5.8551083,False,527021
2026-03-14T06:30:22Z,18121,LMD2501,0,79400,65400,41.122093,1.1274807,False,447034
2026-03-14T06:30:22Z,15772,LMD2502,6,79309,71801,41.5342,2.218344,False,"449027,449038"
2026-03-14T06:30:22Z,14123,Valencia - Alicante - Murcia - Cartagena,5,65000,61200,39.051125,-0.4777005,False,599014
2026-03-14T06:30:22Z,18002,Madrid - León,1,15100,10000,42.284325,-4.9912844,False,449049
2026-03-14T06:30:22Z,18123,LMD2501,0,79400,65400,41.38422,2.1855106,False,"448005,448020"
2026-03-14T06:30:22Z,04334,Madrid - Ourense - A Coruña,-635,31412,17000,42.350533,-7.872692,False,106057
2026-03-14T06:30:22Z,05668,Madrid - Murcia,4,17000,61200,39.888218,-2.0198445,False,106012
2026-03-14T06:30:22Z,02074,Madrid PA - Sevilla - Cádiz,10,60000,51405,40.406086,-3.690862,True,130038
2026-03-14T06:30:22Z,02071,Madrid PA - Sevilla,2,51003,60000,37.488277,-5.9304485,True,"100004,100011"
2026-03-14T06:30:22Z,05064,Madrid - Valencia J.Sorolla,0,17000,03216,40.059834,-2.1995673,False,106013
2026-03-14T06:30:22Z,02077,Madrid PA - Granada,0,05000,02003,37.13453,-4.2339535,True,112004
2026-03-14T06:30:22Z,02076,Madrid PA - Granada,0,60000,05000,40.343987,-3.6617267,True,"112009,112014"
2026-03-14T06:30:22Z,02075,Madrid PA - Sevilla - Cádiz,2,51405,60000,36.92887,-6.0923758,True,130005
2026-03-14T06:30:22Z,12101,Medina - Valladolid - León - Gijón,0,10600,15410,41.64204,-4.7268705,False,470106
2026-03-14T06:30:22Z,13951,Sevilla - Almería,3,56310,05000,37.238953,-2.9974144,False,599020
2026-03-14T06:30:22Z,02070,Madrid PA - Sevilla,4,60000,51003,39.829113,-3.8608654,True,103013
2026-03-14T06:45:18Z,71800,El Ferrol - Oviedo,0,05193,21010,43.536007,-7.055802,False,527017
2026-03-14T06:45:18Z,13041,Sevilla - Huelva,-1,43019,51003,37.410545,-6.0987167,False,449053
2026-03-14T06:45:18Z,18775,Madrid - Plasencia - Sevilla,0,30002,51003,39.95266,-6.18147,False,599012
2026-03-14T06:45:18Z,18054,LMD2501,3,65400,79400,40.90173,0.8154883,False,449023
2026-03-14T06:45:18Z,18010,Altsasu - Vitoria Gasteiz - Miranda de Ebro,2,11300,11208,42.85266,-2.7358186,False,449004
2026-03-14T06:45:18Z,18331,Madrid - Puertollano - Badajoz,0,37606,60400,38.83866,-6.2712364,False,599050
2026-03-14T06:45:18Z,04088,Madrid Ch - Valladolid - León - Ponferrada,2,20200,17000,42.433468,-5.887526,False,121029
2026-03-14T06:45:18Z,04364,Madrid - Ourense - A Coruña,0,31412,17000,42.870766,-8.543985,False,106060
2026-03-14T06:45:18Z,02061,Madrid PA - Sevilla,7,51003,60000,38.75423,-4.0799456,False,103018
2026-03-14T06:45:18Z,01092,Figueres - Barcelona - Valencia JS - Alicante,7,60911,71801,38.669704,-0.89260596,True,130036
2026-03-14T06:45:18Z,03073,Madrid PA - Zaragoza - Barcelona - Figueres,-3,60000,04307,40.40633,-3.4904408,False,103015
2026-03-14T06:45:18Z,13203,Palma R. - Córdoba - C.U. Rabanales - Villa R. (Proximidad),4,50506,50407,37.804092,-5.1063423,False,449005
2026-03-14T06:45:18Z,15621,Lleida Pirineus - Cervera de Segarra,1,78500,78400,41.651436,1.1025965,False,447183
2026-03-14T06:45:18Z,13003,Sevilla - Cádiz,2,51405,51003,36.937824,-6.0889144,False,449050
2026-03-14T06:45:18Z,15902,LMD2502,6,71801,79309,41.712242,2.5291069,False,"447041,447049"
2026-03-14T06:45:18Z,16000,Miranda - Vitoria - Irun,10,11505,11208,43.018806,-2.334472,False,447146
2026-03-14T06:45:18Z,15032,Barcelona - Caspe - Zaragoza - Madrid,1,71204,71209,41.22487,0.35099548,False,448030
2026-03-14T06:45:18Z,12480,A Coruña - Vigo,-2,22308,31400,42.636272,-8.756755,False,594015
2026-03-14T06:45:18Z,15031,LMD2508,3,79400,71400,41.11621,1.2654494,False,447027
2026-03-14T06:45:18Z,18302,Salamanca - Valladolid - Palencia,1,30100,10600,41.17827,-5.144369,False,599009
2026-03-14T06:45:18Z,18066,Madrid - Palencia,-1,14100,10000,40.639626,-4.5974526,False,449052
2026-03-14T06:45:18Z,18100,Valladolid - Santander,0,14223,10600,43.353146,-3.9495175,False,470008
2026-03-14T06:45:18Z,03301,Madrid PA - Zaragoza - Barcelona - Figueres,7,60000,71801,41.34056,-1.6489452,False,103005
2026-03-14T06:45:18Z,04154,Madrid - Ourense - A Coruña,7,31412,17000,41.522533,-5.7785783,False,106054
2026-03-14T06:45:18Z,04475,Madrid - Ourense - Vigo,0,17000,08223,41.089024,-4.4159393,False,106065
2026-03-14T06:45:18Z,05763,Murcia - Madrid - Burgos,-3,61200,11014,39.239643,-1.9978355,False,112015
2026-03-14T06:45:18Z,08475,Sevilla S.J. - Granada,0,05000,51003,37.299698,-4.793027,False,104008
2026-03-14T06:45:18Z,03062,Madrid PA - Zaragoza - Barcelona - Figueres,3,04307,60000,41.52937,-0.25591192,False,103021
2026-03-14T06:45:18Z,04071,Madrid Ch - Valladolid - Gijón,2,17000,15410,40.645737,-3.7210848,True,130002
2026-03-14T06:45:18Z,04072,Alicante - Madrid - Valladolid - Santander,3,14223,60911,43.105854,-4.0893517,True,130026
2026-03-14T06:45:18Z,35869,Barcelona S - Valencia N,1,65400,04104,41.182407,1.2387934,True,120009
2026-03-14T06:45:18Z,05080,Valencia - Madrid - Burgos,2,11014,03216,41.03402,-4.3536115,True,112030
2026-03-14T06:45:18Z,17812,Madrid - Puertollano - Badajoz,0,37311,37606,38.739017,-5.5489564,False,599004
2026-03-14T06:45:18Z,12644,A Coruña - Lugo - Monforte,0,31412,22100,43.27072,-8.225962,False,594106
2026-03-14T06:45:18Z,71820,Oviedo - Santander,3,05571,15211,43.440556,-4.935428,False,527019
2026-03-14T06:45:18Z,15041,Barcelona E.F. - Valls - Lleida Pirineus,0,79400,78400,41.30931,2.0274866,False,470119
2026-03-14T06:45:18Z,15040,Barcelona E.F. - Valls - Lleida Pirineus,17,78400,79400,41.192554,1.6079907,False,447176
2026-03-14T06:45:18Z,15003,LMD2503,-34,79400,71400,41.38422,2.1855106,False,470171
2026-03-14T06:45:18Z,17021,Madrid - Cáceres - Badajoz,2,35400,18000,39.915386,-5.898643,False,599036
2026-03-14T06:45:18Z,15000,LMD2503,37,71400,79400,41.363136,2.1162655,False,"470025,470187"
2026-03-14T06:45:18Z,18071,Burgos - Vitoria - Pamplona - Zaragoza,0,71100,11200,42.17272,-1.6925172,False,470140
2026-03-14T06:45:18Z,05871,Madrid PA - Valencia J.S. - Castellon,0,65300,60000,39.620613,-1.9565098,False,100008
2026-03-14T06:45:18Z,01072,Figueres - Barcelona - Valencia JS - Alicante,6,65000,71801,40.196934,0.18360241,True,120008
2026-03-14T06:45:18Z,01071,Figueres - Barcelona - Valencia JS - Alicante,4,71801,65000,41.231483,1.537002,True,130001
2026-03-14T06:45:18Z,13901,Sevilla - Málaga,-6,54413,51003,36.891296,-4.7395897,False,598014
2026-03-14T06:45:18Z,04464,Madrid - Ourense - Vigo,-1,08223,17000,42.256092,-7.8127813,False,106063
2026-03-14T06:45:18Z,05273,Alacant - Chamartín - Zamora - Ourense,0,60911,22100,38.772728,-0.95942533,False,112021
2026-03-14T06:45:18Z,05075,Madrid - Valencia J.Sorolla,3,03216,17000,39.456364,-0.54414856,False,106011
2026-03-14T06:45:18Z,04186,Madrid Ch - Valladolid - Bilbao,9,13200,17000,43.035828,-3.0039563,True,120055
2026-03-14T06:45:18Z,17703,Madrid - Illescas - Talavera,0,35200,18000,40.352562,-3.6840565,False,599031
2026-03-14T06:45:18Z,34609,Figueres - Barcelona - Valencia JS - Alicante,4,71801,04307,42.264565,2.9427667,False,130043
2026-03-14T06:45:18Z,16018,Burgos - Vitoria - Pamplona - Zaragoza,1,11200,11014,42.690903,-2.9411867,False,470238
2026-03-14T06:45:18Z,09073,A Coruña - Santiago - Vigo Urzaiz,0,31412,08223,42.78365,-8.65484,False,121007
2026-03-14T06:45:18Z,18910,Salamanca - Madrid,9,30100,10000,40.539635,-4.154134,False,599022
2026-03-14T06:45:18Z,17227,Medina - Valladolid - Palencia (Proximidad),6,10500,10600,41.64204,-4.7268705,False,594016
2026-03-14T06:45:18Z,15648,Zaragoza - Canfranc,-2,04040,74217,42.10393,-0.41772,False,599005
2026-03-14T06:45:18Z,09072,A Coruña - Santiago - Vigo Urzaiz,0,08223,31412,42.878864,-8.522986,False,121005
2026-03-14T06:45:18Z,12613,León - Ponferrada,0,15100,20200,42.433468,-5.887526,False,440239
2026-03-14T06:45:18Z,13900,Sevilla - Málaga,4,51003,54413,37.210583,-5.688049,False,598005
2026-03-14T06:45:18Z,12611,Vigo - Ourense - Ponferrada,12,20200,22100,42.465157,-7.2872086,False,470046
2026-03-14T06:45:18Z,18049,Albacete - Madrid,2,60600,17000,39.19927,-2.1629605,False,449043
2026-03-14T06:45:18Z,15051,LMD2504,11,71500,78400,41.521866,0.87738407,False,470071
2026-03-14T06:45:18Z,18120,LMD2501,3,65400,79400,41.204132,1.6760368,False,"448012,448013"
2026-03-14T06:45:18Z,15850,LMD2502,3,79309,71801,41.7494,2.6397922,False,"449020,449024"
2026-03-14T06:45:18Z,71830,El Ferrol - Oviedo,0,15211,21010,43.35527,-5.9177074,False,527021
2026-03-14T06:45:18Z,18121,LMD2501,0,79400,65400,41.08109,1.0452087,False,447034
2026-03-14T06:45:18Z,15772,LMD2502,2,79309,71801,41.405544,2.1826801,False,"449027,449038"
2026-03-14T06:45:18Z,14123,Valencia - Alicante - Murcia - Cartagena,6,65000,61200,38.966366,-0.597889,False,599014
2026-03-14T06:45:18Z,18123,LMD2501,6,79400,65400,41.379074,2.139723,False,"448005,448020"
2026-03-14T06:45:18Z,18002,Madrid - León,2,15100,10000,42.150246,-4.6974406,False,449049
2026-03-14T06:45:18Z,18321,Valladolid - Puebla Sanabria,0,31200,10600,41.949966,-6.485805,False,599007
2026-03-14T06:45:18Z,04334,Madrid - Ourense - A Coruña,-635,31412,17000,42.350533,-7.872692,False,106057
2026-03-14T06:45:18Z,05668,Madrid - Murcia,3,17000,61200,39.296116,-2.0190444,False,106012
2026-03-14T06:45:18Z,02074,Madrid PA - Sevilla - Cádiz,12,60000,51405,39.817352,-3.8544245,True,130038
2026-03-14T06:45:18Z,02071,Madrid PA - Sevilla,5,51003,60000,37.70205,-5.410485,True,"100004,100011"
2026-03-14T06:45:18Z,05064,Madrid - Valencia J.Sorolla,1,17000,03216,39.78378,-1.9787166,False,106013
2026-03-14T06:45:18Z,02077,Madrid PA - Granada,-2,05000,02003,37.02943,-4.5624943,True,112004
2026-03-14T06:45:18Z,02076,Madrid PA - Granada,3,60000,05000,39.96345,-3.8438656,True,"112009,112014"
2026-03-14T06:45:18Z,02075,Madrid PA - Sevilla - Cádiz,4,51405,60000,37.196533,-5.802127,True,130005
2026-03-14T06:45:18Z,12101,Medina - Valladolid - León - Gijón,-1,10600,15410,41.80898,-4.5794854,False,470106
2026-03-14T06:45:18Z,13951,Sevilla - Almería,5,56310,05000,37.353752,-3.175139,False,599020
2026-03-14T06:45:18Z,15852,LMD2502,2,79309,71801,42.122547,2.9658697,False,"447043,447068"
2026-03-14T06:45:18Z,15213,L'Arboç - Tarragona - Salou-Port Aventura,-1,71500,65411,41.0885,1.1458733,False,470116
2026-03-14T06:45:18Z,02070,Madrid PA - Sevilla,4,60000,51003,39.255695,-3.883337,True,103013
2026-03-14T07:00:28Z,71800,El Ferrol - Oviedo,0,05193,21010,43.536007,-7.055802,False,527017
2026-03-14T07:00:28Z,13041,Sevilla - Huelva,6,43019,51003,37.417957,-6.040807,False,449053
2026-03-14T07:00:28Z,18775,Madrid - Plasencia - Sevilla,2,30002,51003,39.730034,-6.43343,False,599012
2026-03-14T07:00:28Z,18054,LMD2501,1,65400,79400,41.036972,0.9494457,False,449023
2026-03-14T07:00:28Z,18010,Madrid - Vitoria - Irún,3,11208,10000,42.69989,-2.9057643,False,449004
2026-03-14T07:00:28Z,18331,Madrid - Puertollano - Badajoz,-1,37606,60400,38.913296,-6.06699,False,599050
2026-03-14T07:00:28Z,04088,Madrid Ch - Valladolid - León - Ponferrada,-1,20200,17000,42.56403,-5.580409,False,121029
2026-03-14T07:00:28Z,04364,Madrid - Ourense - A Coruña,0,31412,17000,42.78234,-8.391023,False,106060
2026-03-14T07:00:28Z,02061,Madrid PA - Sevilla,13,51003,60000,38.98501,-3.9129474,False,103018
2026-03-14T07:00:28Z,01092,Figueres - Barcelona - Valencia JS - Alicante,14,60911,71801,38.760357,-0.92466,True,130036
2026-03-14T07:00:28Z,03073,Madrid PA - Zaragoza - Barcelona - Figueres,1,60000,04307,40.58632,-3.1262271,False,103015
2026-03-14T07:00:28Z,13203,Palma R. - Córdoba - C.U. Rabanales - Villa R. (Proximidad),5,50506,50407,37.84788,-4.91413,False,449005
2026-03-14T07:00:28Z,13002,Sevilla - Cádiz,1,51003,51405,37.31572,-5.9674153,False,449015
2026-03-14T07:00:28Z,14014,Valencia N - Vinaroz - Tortosa,2,65400,65000,40.753696,0.6141503,False,470019
2026-03-14T07:00:28Z,15621,Lleida Pirineus - Cervera de Segarra,3,78500,78400,41.638653,0.9533396,False,447183
2026-03-14T07:00:28Z,13003,Sevilla - Cádiz,1,51405,51003,37.01858,-5.945617,False,449050
2026-03-14T07:00:28Z,18018,Valencia - Albacete - Alcazar - C. Real,0,60400,65000,39.395874,-3.2055266,False,470090
2026-03-14T07:00:28Z,15902,LMD2502,8,71801,79309,41.777897,2.6762059,False,"447041,447049"
2026-03-14T07:00:28Z,16000,Miranda - Vitoria - Irun,13,11505,11208,42.898193,-2.1823182,False,447146
2026-03-14T07:00:28Z,15031,LMD2508,4,79400,71400,41.130325,1.1310623,False,447027
2026-03-14T07:00:28Z,12480,A Coruña - Vigo,0,22308,31400,42.72273,-8.652049,False,594015
2026-03-14T07:00:28Z,18302,Salamanca - Valladolid - Palencia,3,30100,10600,41.305584,-4.9484096,False,599009
2026-03-14T07:00:28Z,15030,LMD2508,-2,71400,79400,41.131004,1.3174096,False,"447175,447178"
2026-03-14T07:00:28Z,18066,Madrid - Palencia,-1,14100,10000,40.601868,-4.451182,False,449052
2026-03-14T07:00:28Z,18100,Valladolid - Santander,2,14223,10600,43.255165,-4.0637507,False,470008
2026-03-14T07:00:28Z,12680,A Coruña - Ferrol,-1,31412,21010,43.27063,-8.225925,False,594105
2026-03-14T07:00:28Z,03301,Madrid PA - Zaragoza - Barcelona - Figueres,6,60000,71801,41.562027,-1.3310863,False,103005
2026-03-14T07:00:28Z,04154,Madrid - Ourense - A Coruña,7,31412,17000,41.433643,-5.3331966,False,106054
2026-03-14T07:00:28Z,04475,Madrid - Ourense - Vigo,-2,17000,08223,41.292263,-4.933228,False,106065
2026-03-14T07:00:28Z,05763,Murcia - Madrid - Burgos,-4,61200,11014,39.816406,-1.9980001,False,112015
2026-03-14T07:00:28Z,04073,Madrid Ch - Valladolid - Santander,5,17000,14223,40.47428,-3.6817195,True,730011
2026-03-14T07:00:28Z,08475,Sevilla S.J. - Granada,9,05000,51003,37.59763,-4.897922,False,104008
2026-03-14T07:00:28Z,03062,Madrid PA - Zaragoza - Barcelona - Figueres,6,04307,60000,41.60023,-0.8313272,False,103021
2026-03-14T07:00:28Z,08275,Sevilla S.J. - Granada,1,51003,05000,37.674988,-5.4976363,False,104007
2026-03-14T07:00:28Z,12961,Santiago - Carballiño - Ourense,2,31304,22100,42.400814,-7.9953294,False,599027
2026-03-14T07:00:28Z,04071,Madrid Ch - Valladolid - Gijón,0,17000,15410,40.917206,-4.1198287,True,130002
2026-03-14T07:00:28Z,04072,Alicante - Madrid - Valladolid - Santander,2,14223,60911,42.994884,-4.1401744,True,130026
2026-03-14T07:00:28Z,09480,Ourense - Santiago - A Coruña,0,22100,31412,42.427208,-8.027012,False,121011
2026-03-14T07:00:28Z,18900,Salamanca - Madrid,2,30100,10000,40.89787,-5.2065334,False,599026
2026-03-14T07:00:28Z,35869,Barcelona - Lleida,1,04104,71801,41.278225,1.6054662,True,120009
2026-03-14T07:00:28Z,05080,Valencia - Madrid - Burgos,1,11014,03216,40.740555,-3.7315772,True,112030
2026-03-14T07:00:28Z,12644,A Coruña - Lugo - Monforte,0,31412,22100,43.21868,-8.186892,False,594106
2026-03-14T07:00:28Z,17812,Madrid - Puertollano - Badajoz,0,37311,37606,38.88527,-5.688978,False,599004
2026-03-14T07:00:28Z,71820,Oviedo - Santander,3,05571,15211,43.4594,-5.0546904,False,527019
2026-03-14T07:00:28Z,15041,Barcelona E.F. - Valls - Lleida Pirineus,0,79400,78400,41.2392,1.8097444,False,470119
2026-03-14T07:00:28Z,15040,Barcelona E.F. - Valls - Lleida Pirineus,21,78400,79400,41.219822,1.759749,False,447176
2026-03-14T07:00:28Z,15003,LMD2503,-34,79400,71400,41.38422,2.1855106,False,470171
2026-03-14T07:00:28Z,17021,Madrid - Cáceres - Badajoz,1,35400,18000,39.895744,-5.5900106,False,599036
2026-03-14T07:00:28Z,15000,LMD2503,36,71400,79400,41.39203,2.1646564,False,"470025,470187"
2026-03-14T07:00:28Z,00621,Barcelona - Pamplona - León - Vigo - A Coruña,1,08223,71801,42.30457,-8.598818,True,130029
2026-03-14T07:00:28Z,18071,Burgos - Vitoria - Pamplona - Zaragoza,4,71100,11200,42.485126,-1.6497085,False,470140
2026-03-14T07:00:28Z,05871,Madrid PA - Valencia J.S. - Castellon,-1,65300,60000,40.03352,-2.143095,False,100008
2026-03-14T07:00:28Z,01072,Figueres - Barcelona - Valencia JS - Alicante,6,65000,71801,40.35855,0.2936068,True,120008
2026-03-14T07:00:28Z,01071,Figueres - Barcelona - Valencia JS - Alicante,5,71801,65000,41.16863,1.2351542,True,130001
2026-03-14T07:00:28Z,13901,Sevilla - Málaga,-3,54413,51003,36.976624,-4.738515,False,598014
2026-03-14T07:00:28Z,04464,Madrid - Ourense - Vigo,0,08223,17000,42.064575,-7.330218,False,106063
2026-03-14T07:00:28Z,05273,Alacant - Chamartín - Zamora - Ourense,-2,60911,22100,38.920918,-1.6120727,False,112021
2026-03-14T07:00:28Z,05075,Madrid - Valencia J.Sorolla,1,03216,17000,39.522182,-1.1350474,False,106011
2026-03-14T07:00:28Z,04186,Madrid Ch - Valladolid - Bilbao,7,13200,17000,43.020885,-2.9846656,True,120055
2026-03-14T07:00:28Z,17703,Madrid - Illescas - Talavera,0,35200,18000,40.406128,-3.689053,False,599031
2026-03-14T07:00:28Z,14435,Valencia N - Vinaroz - Tortosa,1,65312,65300,40.36764,0.31330156,False,"464212,464230"
2026-03-14T07:00:28Z,16018,Burgos - Vitoria - Pamplona - Zaragoza,11,11200,11014,42.630207,-3.1128142,False,470238
2026-03-14T07:00:28Z,09073,A Coruña - Santiago - Vigo Urzaiz,-1,31412,08223,42.602345,-8.762217,False,121007
2026-03-14T07:00:28Z,13900,Sevilla - Málaga,8,51003,54413,37.270313,-5.5456915,False,598005
2026-03-14T07:00:28Z,18910,Salamanca - Madrid,8,30100,10000,40.626064,-4.007085,False,599022
2026-03-14T07:00:28Z,09072,A Coruña - Santiago - Vigo Urzaiz,-2,08223,31412,43.187218,-8.445091,False,121005
2026-03-14T07:00:28Z,12613,León - Ponferrada,0,15100,20200,42.45945,-6.0470614,False,440239
2026-03-14T07:00:28Z,15648,Zaragoza - Canfranc,-1,04040,74217,42.098053,-0.4200281,False,599005
2026-03-14T07:00:28Z,12611,Vigo - Ourense - Ponferrada,11,20200,22100,42.52303,-7.3756685,False,470046
2026-03-14T07:00:28Z,15800,LMD2502,3,71801,79309,41.428062,2.1963325,False,"449031,449033"
2026-03-14T07:00:28Z,18049,Albacete - Madrid,2,60600,17000,39.19927,-2.1629605,False,449043
2026-03-14T07:00:28Z,15051,LMD2504,10,71500,78400,41.55384,0.7334553,False,470071
2026-03-14T07:00:28Z,18120,LMD2501,6,65400,79400,41.26706,1.9571081,False,"448012,448013"
2026-03-14T07:00:28Z,15850,LMD2502,4,79309,71801,41.639256,2.4071465,False,"449020,449024"
2026-03-14T07:00:28Z,15212,L'Arboç - Tarragona - Salou-Port Aventura,2,65411,71500,41.107918,1.2113302,False,470116
2026-03-14T07:00:28Z,18121,LMD2501,0,79400,65400,40.999844,0.9126038,False,447034
2026-03-14T07:00:28Z,14123,Valencia - Alicante - Murcia - Cartagena,9,65000,61200,38.858814,-0.7886747,False,599014
2026-03-14T07:00:28Z,71830,El Ferrol - Oviedo,3,15211,21010,43.348606,-5.967645,False,527021
2026-03-14T07:00:28Z,15772,LMD2502,1,79309,71801,41.368523,2.1270823,False,"449027,449038"
2026-03-14T07:00:28Z,18002,Madrid - León,-1,15100,10000,42.01785,-4.536272,False,449049
2026-03-14T07:00:28Z,18123,LMD2501,13,79400,65400,41.30931,2.0274866,False,"448005,448020"
2026-03-14T07:00:28Z,18321,Valladolid - Puebla Sanabria,3,31200,10600,41.86653,-6.2775903,False,599007
2026-03-14T07:00:28Z,04334,Madrid - Ourense - A Coruña,-635,31412,17000,42.350533,-7.872692,False,106057
2026-03-14T07:00:28Z,05668,Madrid - Murcia,2,17000,61200,38.99404,-1.8417703,False,106012
2026-03-14T07:00:28Z,00697,Barcelona - Valencia - Sevilla-Cádiz,6,71801,50300,41.43403,2.0011454,True,130037
2026-03-14T07:00:28Z,02074,Madrid PA - Sevilla - Cádiz,12,60000,51405,39.54943,-3.8209655,True,130038
2026-03-14T07:00:28Z,02071,Madrid PA - Sevilla,6,51003,60000,37.86659,-4.851547,True,"100004,100011"
2026-03-14T07:00:28Z,05064,Madrid - Valencia J.Sorolla,0,17000,03216,39.54652,-1.4599901,False,106013
2026-03-14T07:00:28Z,02077,Madrid PA - Granada,0,05000,02003,37.09115,-4.7238426,True,112004
2026-03-14T07:00:28Z,02076,Madrid PA - Granada,2,60000,05000,39.39909,-3.830481,True,"112009,112014"
2026-03-14T07:00:28Z,02075,Madrid PA - Sevilla - Cádiz,2,51405,60000,37.34052,-5.9664536,True,130005
2026-03-14T07:00:28Z,12101,Medina - Valladolid - León - Gijón,0,10600,15410,41.91722,-4.495974,False,470106
2026-03-14T07:00:28Z,13951,Sevilla - Almería,3,56310,05000,37.424625,-3.3085873,False,599020
2026-03-14T07:00:28Z,15852,LMD2502,2,79309,71801,42.02908,2.8822188,False,"447043,447068"
2026-03-14T07:00:28Z,02070,Madrid PA - Sevilla,1,60000,51003,38.94049,-3.9422567,True,103013
2026-03-14T07:00:52Z,71800,El Ferrol - Oviedo,0,05193,21010,43.536007,-7.055802,False,527017
2026-03-14T07:00:52Z,13041,Sevilla - Huelva,6,43019,51003,37.417957,-6.040807,False,449053
2026-03-14T07:00:52Z,18775,Madrid - Plasencia - Sevilla,2,30002,51003,39.72002,-6.441033,False,599012
2026-03-14T07:00:52Z,18054,LMD2501,1,65400,79400,41.04038,0.95643455,False,449023
2026-03-14T07:00:52Z,18010,Madrid - Vitoria - Irún,3,11208,10000,42.69836,-2.9139538,False,449004
2026-03-14T07:00:52Z,18331,Madrid - Puertollano - Badajoz,-1,37606,60400,38.91344,-6.0607796,False,599050
2026-03-14T07:00:52Z,04088,Madrid Ch - Valladolid - León - Ponferrada,-1,20200,17000,42.56403,-5.580409,False,121029
2026-03-14T07:00:52Z,04364,Madrid - Ourense - A Coruña,0,31412,17000,42.78234,-8.391023,False,106060
2026-03-14T07:00:52Z,02061,Madrid PA - Sevilla,13,51003,60000,38.98501,-3.9129474,False,103018
2026-03-14T07:00:52Z,01092,Figueres - Barcelona - Valencia JS - Alicante,14,60911,71801,38.760357,-0.92466,True,130036
2026-03-14T07:00:52Z,03073,Madrid PA - Zaragoza - Barcelona - Figueres,1,60000,04307,40.58632,-3.1262271,False,103015
2026-03-14T07:00:52Z,13203,Palma R. - Córdoba - C.U. Rabanales - Villa R. (Proximidad),5,50506,50407,37.84788,-4.91413,False,449005
2026-03-14T07:00:52Z,13002,Sevilla - Cádiz,1,51003,51405,37.315,-5.967924,False,449015
2026-03-14T07:00:52Z,14014,Valencia N - Vinaroz - Tortosa,2,65400,65000,40.753696,0.6141503,False,470019
2026-03-14T07:00:52Z,15621,Lleida Pirineus - Cervera de Segarra,3,78500,78400,41.637943,0.94556344,False,447183
2026-03-14T07:00:52Z,13003,Sevilla - Cádiz,1,51405,51003,37.01858,-5.945617,False,449050
2026-03-14T07:00:52Z,18018,Valencia - Albacete - Alcazar - C. Real,0,60400,65000,39.395874,-3.2055266,False,470090
2026-03-14T07:00:52Z,15902,LMD2502,8,71801,79309,41.783035,2.6813638,False,"447041,447049"
2026-03-14T07:00:52Z,16000,Miranda - Vitoria - Irun,13,11505,11208,42.896347,-2.1817956,False,447146
2026-03-14T07:00:52Z,15031,LMD2508,4,79400,71400,41.133793,1.1272633,False,447027
2026-03-14T07:00:52Z,12480,A Coruña - Vigo,0,22308,31400,42.72325,-8.651743,False,594015
2026-03-14T07:00:52Z,18302,Salamanca - Valladolid - Palencia,3,30100,10600,41.312656,-4.9379716,False,599009
2026-03-14T07:00:52Z,15030,LMD2508,-2,71400,79400,41.132793,1.3285722,False,"447175,447178"
2026-03-14T07:00:52Z,18066,Madrid - Palencia,-1,14100,10000,40.607784,-4.44567,False,449052
2026-03-14T07:00:52Z,18100,Valladolid - Santander,2,14223,10600,43.255165,-4.0637507,False,470008
2026-03-14T07:00:52Z,12680,A Coruña - Ferrol,-1,31412,21010,43.270645,-8.22593,False,594105
2026-03-14T07:00:52Z,03301,Madrid PA - Zaragoza - Barcelona - Figueres,6,60000,71801,41.57822,-1.3199697,False,103005
2026-03-14T07:00:52Z,04154,Madrid - Ourense - A Coruña,7,31412,17000,41.433643,-5.3331966,False,106054
2026-03-14T07:00:52Z,04475,Madrid - Ourense - Vigo,-2,17000,08223,41.292267,-4.933266,False,106065
2026-03-14T07:00:52Z,05763,Murcia - Madrid - Burgos,-4,61200,11014,39.840275,-2.0114524,False,112015
2026-03-14T07:00:52Z,04073,Madrid Ch - Valladolid - Santander,5,17000,14223,40.47428,-3.6817195,True,730011
2026-03-14T07:00:52Z,08475,Sevilla S.J. - Granada,9,05000,51003,37.6111,-4.9072804,False,104008
2026-03-14T07:00:52Z,03062,Madrid PA - Zaragoza - Barcelona - Figueres,6,04307,60000,41.614285,-0.8442631,False,103021
2026-03-14T07:00:52Z,08275,Sevilla S.J. - Granada,1,51003,05000,37.682888,-5.4827337,False,104007
2026-03-14T07:00:52Z,12961,Santiago - Carballiño - Ourense,2,31304,22100,42.400814,-7.9953294,False,599027
2026-03-14T07:00:52Z,04071,Madrid Ch - Valladolid - Gijón,0,17000,15410,40.928368,-4.152312,True,130002
2026-03-14T07:00:52Z,04072,Alicante - Madrid - Valladolid - Santander,2,14223,60911,42.994884,-4.1401715,True,130026
2026-03-14T07:00:52Z,09480,Ourense - Santiago - A Coruña,0,22100,31412,42.43492,-8.041942,False,121011
2026-03-14T07:00:52Z,35869,Barcelona - Lleida,1,04104,71801,41.278225,1.6054662,True,120009
2026-03-14T07:00:52Z,18900,Salamanca - Madrid,2,30100,10000,40.89787,-5.2065334,False,599026
2026-03-14T07:00:52Z,05080,Valencia - Madrid - Burgos,1,11014,03216,40.654366,-3.7183096,True,112030
2026-03-14T07:00:52Z,17812,Madrid - Puertollano - Badajoz,0,37311,37606,38.89328,-5.6968217,False,599004
2026-03-14T07:00:52Z,12644,A Coruña - Lugo - Monforte,0,31412,22100,43.21868,-8.186892,False,594106
2026-03-14T07:00:52Z,71820,Oviedo - Santander,3,05571,15211,43.4594,-5.0546904,False,527019
2026-03-14T07:00:52Z,15041,Barcelona E.F. - Valls - Lleida Pirineus,0,79400,78400,41.2392,1.8097444,False,470119
2026-03-14T07:00:52Z,15040,Barcelona E.F. - Valls - Lleida Pirineus,21,78400,79400,41.22058,1.7643455,False,447176
2026-03-14T07:00:52Z,15003,LMD2503,-34,79400,71400,41.38422,2.1855106,False,470171
2026-03-14T07:00:52Z,17021,Madrid - Cáceres - Badajoz,1,35400,18000,39.89514,-5.5749307,False,599036
2026-03-14T07:00:52Z,15000,LMD2503,35,71400,79400,41.39203,2.1646564,False,"470025,470187"
2026-03-14T07:00:52Z,00621,Barcelona - Pamplona - León - Vigo - A Coruña,1,08223,71801,42.30457,-8.598818,True,130029
2026-03-14T07:00:52Z,18071,Burgos - Vitoria - Pamplona - Zaragoza,4,71100,11200,42.485126,-1.6497085,False,470140
2026-03-14T07:00:52Z,05871,Madrid PA - Valencia J.S. - Castellon,-1,65300,60000,40.033524,-2.1430995,False,100008
2026-03-14T07:00:52Z,01072,Figueres - Barcelona - Valencia JS - Alicante,4,65000,71801,40.427723,0.4150037,True,120008
2026-03-14T07:00:52Z,01071,Figueres - Barcelona - Valencia JS - Alicante,5,71801,65000,41.16863,1.2351542,True,130001
2026-03-14T07:00:52Z,04464,Madrid - Ourense - Vigo,0,08223,17000,42.071583,-7.238587,False,106063
2026-03-14T07:00:52Z,13901,Sevilla - Málaga,-3,54413,51003,36.976624,-4.738515,False,598014
2026-03-14T07:00:52Z,05273,Alacant - Chamartín - Zamora - Ourense,-2,60911,22100,38.916054,-1.636696,False,112021
2026-03-14T07:00:52Z,05075,Madrid - Valencia J.Sorolla,1,03216,17000,39.522182,-1.1350487,False,106011
2026-03-14T07:00:52Z,04186,Madrid Ch - Valladolid - Bilbao,7,13200,17000,43.020885,-2.9846656,True,120055
2026-03-14T07:00:52Z,17703,Madrid - Illescas - Talavera,0,35200,18000,40.406128,-3.689053,False,599031
2026-03-14T07:00:52Z,14435,Valencia N - Vinaroz - Tortosa,1,65312,65300,40.365246,0.3080792,False,"464212,464230"
2026-03-14T07:00:52Z,16018,Burgos - Vitoria - Pamplona - Zaragoza,11,11200,11014,42.630207,-3.1128142,False,470238
2026-03-14T07:00:52Z,09073,A Coruña - Santiago - Vigo Urzaiz,-1,31412,08223,42.602226,-8.762159,False,121007
2026-03-14T07:00:52Z,13900,Sevilla - Málaga,8,51003,54413,37.271183,-5.5445123,False,598005
2026-03-14T07:00:52Z,09072,A Coruña - Santiago - Vigo Urzaiz,-2,08223,31412,43.195522,-8.444454,False,121005
2026-03-14T07:00:52Z,18910,Salamanca - Madrid,8,30100,10000,40.62573,-4.0045166,False,599022
2026-03-14T07:00:52Z,12613,León - Ponferrada,0,15100,20200,42.45945,-6.0470614,False,440239
2026-03-14T07:00:52Z,15648,Zaragoza - Canfranc,-1,04040,74217,42.09525,-0.42556044,False,599005
2026-03-14T07:00:52Z,12611,Vigo - Ourense - Ponferrada,11,20200,22100,42.52721,-7.389468,False,470046
2026-03-14T07:00:52Z,15800,LMD2502,3,71801,79309,41.434692,2.19422,False,"449031,449033"
2026-03-14T07:00:52Z,18049,Albacete - Madrid,2,60600,17000,39.19927,-2.1629605,False,449043
2026-03-14T07:00:52Z,15051,LMD2504,10,71500,78400,41.55384,0.7334553,False,470071
2026-03-14T07:00:52Z,18120,LMD2501,6,65400,79400,41.26706,1.9571081,False,"448012,448013"
2026-03-14T07:00:52Z,15850,LMD2502,4,79309,71801,41.63516,2.3941789,False,"449020,449024"
2026-03-14T07:00:52Z,15212,L'Arboç - Tarragona - Salou-Port Aventura,2,65411,71500,41.107918,1.2113302,False,470116
2026-03-14T07:00:52Z,18121,LMD2501,0,79400,65400,40.999844,0.9126038,False,447034
2026-03-14T07:00:52Z,14123,Valencia - Alicante - Murcia - Cartagena,9,65000,61200,38.858814,-0.7886747,False,599014
2026-03-14T07:00:52Z,71830,El Ferrol - Oviedo,1,15211,21010,43.384228,-5.982579,False,527021
2026-03-14T07:00:52Z,15772,LMD2502,1,79309,71801,41.368523,2.1270823,False,"449027,449038"
2026-03-14T07:00:52Z,18002,Madrid - León,-1,15100,10000,42.017857,-4.5362797,False,449049
2026-03-14T07:00:52Z,18123,LMD2501,13,79400,65400,41.30931,2.0274866,False,"448005,448020"
2026-03-14T07:00:52Z,18321,Valladolid - Puebla Sanabria,3,31200,10600,41.862785,-6.2693877,False,599007
2026-03-14T07:00:52Z,04334,Madrid - Ourense - A Coruña,-635,31412,17000,42.350533,-7.872692,False,106057
2026-03-14T07:00:52Z,05668,Madrid - Murcia,2,17000,61200,38.98662,-1.83636,False,106012
2026-03-14T07:00:52Z,00697,Barcelona - Valencia - Sevilla-Cádiz,6,71801,50300,41.446262,1.9895884,True,130037
2026-03-14T07:00:52Z,02074,Madrid PA - Sevilla - Cádiz,12,60000,51405,39.54943,-3.8209655,True,130038
2026-03-14T07:00:52Z,02071,Madrid PA - Sevilla,6,51003,60000,37.871086,-4.836529,True,"100004,100011"
2026-03-14T07:00:52Z,05064,Madrid - Valencia J.Sorolla,0,17000,03216,39.544724,-1.4537936,False,106013
2026-03-14T07:00:52Z,02077,Madrid PA - Granada,0,05000,02003,37.10387,-4.7238393,True,112004
2026-03-14T07:00:52Z,02076,Madrid PA - Granada,2,60000,05000,39.38265,-3.842521,True,"112009,112014"
2026-03-14T07:00:52Z,02075,Madrid PA - Sevilla - Cádiz,2,51405,60000,37.34052,-5.9664536,True,130005
2026-03-14T07:00:52Z,12101,Medina - Valladolid - León - Gijón,0,10600,15410,41.91722,-4.495974,False,470106
2026-03-14T07:00:52Z,13951,Sevilla - Almería,3,56310,05000,37.420948,-3.315368,False,599020
2026-03-14T07:00:52Z,15852,LMD2502,2,79309,71801,42.028004,2.8777316,False,"447043,447068"
2026-03-14T07:00:52Z,02070,Madrid PA - Sevilla,1,60000,51003,38.924595,-3.9553924,True,103013
2026-03-14T07:15:17Z,71800,El Ferrol - Oviedo,1,05193,21010,43.657055,-7.6001716,False,527017
2026-03-14T07:15:17Z,18775,Madrid - Plasencia - Sevilla,3,30002,51003,39.522324,-6.4310045,False,599012
2026-03-14T07:15:17Z,18010,Madrid - Vitoria - Irún,4,11208,10000,42.650024,-3.0090828,False,449004
2026-03-14T07:15:17Z,04088,Madrid Ch - Valladolid - León - Ponferrada,0,20200,17000,42.595062,-5.5819435,False,121029
2026-03-14T07:15:17Z,04364,Madrid - Ourense - A Coruña,0,31412,17000,42.52616,-8.104083,False,106060
2026-03-14T07:15:17Z,02061,Madrid PA - Sevilla,15,51003,60000,39.403503,-3.8284366,False,103018
2026-03-14T07:15:17Z,01092,Figueres - Barcelona - Valencia JS - Alicante,16,60911,71801,38.881115,-0.75933635,True,130036
2026-03-14T07:15:17Z,03272,Madrid PA - Zaragoza - Huesca,-1,74200,60000,41.988068,-0.49875188,True,103019
2026-03-14T07:15:17Z,04087,Madrid Ch - Valladolid - Bilbao,19,17000,13200,40.9611,-4.198698,True,"120053,120059"
2026-03-14T07:15:17Z,08287,Barcelona - Figueres,-1,71801,04307,41.379074,2.139723,False,100020
2026-03-14T07:15:17Z,13002,Sevilla - Cádiz,7,51003,51405,37.194736,-5.7999496,False,449015
2026-03-14T07:15:17Z,13003,Sevilla - Cádiz,0,51405,51003,37.286674,-5.9223332,False,449050
2026-03-14T07:15:17Z,18018,Valencia - Albacete - Alcazar - C. Real,0,60400,65000,39.395874,-3.2055266,False,470090
2026-03-14T07:15:17Z,16000,Miranda - Vitoria - Irun,15,11505,11208,42.869213,-2.3059692,False,447146
2026-03-14T07:15:17Z,15031,LMD2508,5,79400,71400,41.160595,1.0999595,False,447027
2026-03-14T07:15:17Z,18302,Salamanca - Valladolid - Palencia,4,30100,10600,41.397255,-4.7999263,False,599009
2026-03-14T07:15:17Z,15030,LMD2508,-1,71400,79400,41.16974,1.4792703,False,"447175,447178"
2026-03-14T07:15:17Z,12680,A Coruña - Ferrol,0,31412,21010,43.284237,-8.215845,False,594105
2026-03-14T07:15:17Z,00276,Madrid Ch - Almeria,-1,17000,56310,40.416958,-3.7032108,False,"334024,6B2"
2026-03-14T07:15:17Z,03301,Madrid PA - Zaragoza - Barcelona - Figueres,5,60000,71801,41.658657,-0.91181874,False,103005
2026-03-14T07:15:17Z,04475,Madrid - Ourense - Vigo,-2,17000,08223,41.376488,-5.177913,False,106065
2026-03-14T07:15:17Z,08278,Madrid - Segovia G. - Valladolid,0,10600,17000,41.275753,-4.684061,False,114010
2026-03-14T07:15:17Z,08275,Sevilla S.J. - Granada,0,51003,05000,37.843575,-4.929351,False,104007
2026-03-14T07:15:17Z,12961,Santiago - Carballiño - Ourense,2,31304,22100,42.351807,-7.875586,False,599027
2026-03-14T07:15:17Z,04071,Madrid Ch - Valladolid - Gijón,-1,17000,15410,41.247807,-4.6433177,True,130002
2026-03-14T07:15:17Z,04072,Alicante - Madrid - Valladolid - Santander,-1,14223,60911,42.85765,-4.190043,True,130026
2026-03-14T07:15:17Z,09480,Ourense - Santiago - A Coruña,0,22100,31412,42.75688,-8.310936,False,121011
2026-03-14T07:15:17Z,09083,A Coruña - Santiago - Vigo Urzaiz,-1,31412,08223,43.108643,-8.472278,False,121025
2026-03-14T07:15:17Z,09082,A Coruña - Santiago - Vigo Urzaiz,0,08223,31412,42.422413,-8.635375,False,121012
2026-03-14T07:15:17Z,71820,Oviedo - Santander,3,05571,15211,43.440598,-5.055957,False,527019
2026-03-14T07:15:17Z,15003,LMD2503,-34,79400,71400,41.38422,2.1855106,False,470171
2026-03-14T07:15:17Z,17021,Madrid - Cáceres - Badajoz,1,35400,18000,39.908817,-5.38891,False,599036
2026-03-14T07:15:17Z,15000,LMD2503,35,71400,79400,41.39203,2.1646564,False,"470025,470187"
2026-03-14T07:15:17Z,00621,Barcelona - Pamplona - León - Vigo - A Coruña,-1,08223,71801,42.57593,-8.708014,True,130029
2026-03-14T07:15:17Z,18071,Burgos - Vitoria - Pamplona - Zaragoza,4,71100,11200,42.525692,-1.6711937,False,470140
2026-03-14T07:15:17Z,05871,Madrid PA - Valencia J.S. - Castellon,0,65300,60000,40.040413,-2.5753524,False,100008
2026-03-14T07:15:17Z,13901,Sevilla - Málaga,4,54413,51003,37.047474,-4.720305,False,598014
2026-03-14T07:15:17Z,05075,Madrid - Valencia J.Sorolla,2,03216,17000,39.50885,-1.6465954,False,106011
2026-03-14T07:15:17Z,14435,Valencia N - Vinaroz - Tortosa,3,65312,65300,40.247417,0.23700833,False,"464212,464230"
2026-03-14T07:15:17Z,14432,Valencia N - Vinaroz - Tortosa,1,65300,65312,40.084133,0.13702206,False,465062
2026-03-14T07:15:17Z,02080,Madrid PA - Sevilla,1,60000,51003,40.330284,-3.6503363,True,100017
2026-03-14T07:15:17Z,15648,Zaragoza - Canfranc,-1,04040,74217,42.211372,-0.6135615,False,599005
2026-03-14T07:15:17Z,18910,Salamanca - Madrid,9,30100,10000,40.49553,-3.868844,False,599022
2026-03-14T07:15:17Z,13900,Sevilla - Málaga,13,51003,54413,37.336113,-5.4177284,False,598005
2026-03-14T07:15:17Z,15800,LMD2502,3,71801,79309,41.551765,2.2516022,False,"449031,449033"
2026-03-14T07:15:17Z,71831,Oviedo - Santander,0,15211,14223,43.379597,-5.7921753,False,529009
2026-03-14T07:15:17Z,18120,LMD2501,10,65400,79400,41.303207,2.0106356,False,"448012,448013"
2026-03-14T07:15:17Z,71830,El Ferrol - Oviedo,-1,15211,21010,43.394592,-6.06357,False,527021
2026-03-14T07:15:17Z,18121,LMD2501,0,79400,65400,40.8861,0.8006144,False,447034
2026-03-14T07:15:17Z,18002,Madrid - León,-1,15100,10000,41.992325,-4.5138946,False,449049
2026-03-14T07:15:17Z,18123,LMD2501,14,79400,65400,41.2392,1.8097444,False,"448005,448020"
2026-03-14T07:15:17Z,00697,Barcelona - Valencia - Sevilla-Cádiz,9,71801,50300,41.23219,1.5394099,True,130037
2026-03-14T07:15:17Z,02074,Madrid PA - Sevilla - Cádiz,8,60000,51405,38.98519,-3.9130611,True,130038
2026-03-14T07:15:17Z,02071,Madrid PA - Sevilla,4,51003,60000,37.911095,-4.7254257,True,"100004,100011"
2026-03-14T07:15:17Z,05064,Madrid - Valencia J.Sorolla,0,17000,03216,39.47442,-1.0006015,False,106013
2026-03-14T07:15:17Z,02076,Madrid PA - Granada,0,60000,05000,38.906464,-3.960943,True,"112009,112014"
2026-03-14T07:15:17Z,02075,Madrid PA - Sevilla - Cádiz,7,51405,60000,37.40576,-5.9600472,True,130005
2026-03-14T07:15:17Z,02070,Madrid PA - Sevilla,2,60000,51003,38.69107,-4.1120024,True,103013
2026-03-14T07:15:17Z,13041,Sevilla - Huelva,4,43019,51003,37.392242,-5.974641,False,449053
2026-03-14T07:15:17Z,18054,LMD2501,1,65400,79400,41.122326,1.1386497,False,449023
2026-03-14T07:15:17Z,18331,Madrid - Puertollano - Badajoz,0,37606,60400,38.967697,-5.8607087,False,599050
2026-03-14T07:15:17Z,03073,Madrid PA - Zaragoza - Barcelona - Figueres,-1,60000,04307,40.897587,-2.7026074,False,103015
2026-03-14T07:15:17Z,13203,Palma R. - Córdoba - C.U. Rabanales - Villa R. (Proximidad),7,50506,50407,37.888447,-4.789464,False,449005
2026-03-14T07:15:17Z,14014,Valencia N - Vinaroz - Tortosa,2,65400,65000,40.59584,0.44947535,False,470019
2026-03-14T07:15:17Z,15621,Lleida Pirineus - Cervera de Segarra,5,78500,78400,41.63164,0.78761923,False,447183
2026-03-14T07:15:17Z,15902,LMD2502,8,71801,79309,41.85881,2.8074431,False,"447041,447049"
2026-03-14T07:15:17Z,12480,A Coruña - Vigo,1,22308,31400,42.845375,-8.60245,False,594015
2026-03-14T07:15:17Z,18066,Madrid - Palencia,0,14100,10000,40.55599,-4.3155975,False,449052
2026-03-14T07:15:17Z,18100,Valladolid - Santander,5,14223,10600,43.18506,-4.050122,False,470008
2026-03-14T07:15:17Z,04154,Madrid - Ourense - A Coruña,6,31412,17000,41.27491,-4.6829515,False,106054
2026-03-14T07:15:17Z,05763,Murcia - Madrid - Burgos,-2,61200,11014,40.04788,-2.3724048,False,112015
2026-03-14T07:15:17Z,08475,Sevilla S.J. - Granada,8,05000,51003,37.86623,-4.8527384,False,104008
2026-03-14T07:15:17Z,17817,Madrid - Plasencia - Sevilla,0,40100,37500,38.566666,-6.352757,False,599011
2026-03-14T07:15:17Z,03062,Madrid PA - Zaragoza - Barcelona - Figueres,5,04307,60000,41.632523,-1.0172352,False,103021
2026-03-14T07:15:17Z,12641,A Coruña - Lugo - Monforte,0,20300,31412,42.96612,-7.4811015,False,594011
2026-03-14T07:15:17Z,35869,Barcelona - Lleida,2,04104,71801,41.405365,2.0118566,True,120009
2026-03-14T07:15:17Z,18900,Salamanca - Madrid,1,30100,10000,40.89787,-5.2065334,False,599026
2026-03-14T07:15:17Z,05080,Valencia - Madrid - Burgos,0,11014,03216,40.47401,-3.6806145,True,112030
2026-03-14T07:15:17Z,17812,Madrid - Puertollano - Badajoz,1,37311,37606,38.96712,-5.862863,False,599004
2026-03-14T07:15:17Z,12644,A Coruña - Lugo - Monforte,1,31412,22100,43.141434,-8.037744,False,594106
2026-03-14T07:15:17Z,15041,Barcelona E.F. - Valls - Lleida Pirineus,5,79400,78400,41.204132,1.6760368,False,470119
2026-03-14T07:15:17Z,15040,Barcelona E.F. - Valls - Lleida Pirineus,27,78400,79400,41.267277,1.9589807,False,447176
2026-03-14T07:15:17Z,01072,Figueres - Barcelona - Valencia JS - Alicante,8,65000,71801,40.59584,0.44947487,True,120008
2026-03-14T07:15:17Z,01071,Figueres - Barcelona - Valencia JS - Alicante,8,71801,65000,41.08437,1.0562199,True,130001
2026-03-14T07:15:17Z,04464,Madrid - Ourense - Vigo,0,08223,17000,42.046757,-6.614158,False,106063
2026-03-14T07:15:17Z,05273,Alacant - Chamartín - Zamora - Ourense,-3,60911,22100,39.00024,-1.8473865,False,112021
2026-03-14T07:15:17Z,02285,Madrid - Sevilla - Huelva,1,43019,60000,37.31813,-6.8069987,True,120052
2026-03-14T07:15:17Z,04186,Madrid Ch - Valladolid - Bilbao,6,13200,17000,42.951378,-2.9008977,True,120055
2026-03-14T07:15:17Z,16018,Burgos - Vitoria - Pamplona - Zaragoza,18,11200,11014,42.542717,-3.3190804,False,470238
2026-03-14T07:15:17Z,03092,Madrid PA - Zaragoza - Barcelona - Figueres,6,04307,60000,41.979305,2.816016,False,103025
2026-03-14T07:15:17Z,09073,A Coruña - Santiago - Vigo Urzaiz,0,31412,08223,42.430004,-8.632922,False,121007
2026-03-14T07:15:17Z,12613,León - Ponferrada,1,15100,20200,42.59879,-6.108556,False,440239
2026-03-14T07:15:17Z,09072,A Coruña - Santiago - Vigo Urzaiz,1,08223,31412,43.34007,-8.421422,False,121005
2026-03-14T07:15:17Z,12611,Vigo - Ourense - Ponferrada,13,20200,22100,42.529545,-7.5032,False,470046
2026-03-14T07:15:17Z,18049,Albacete - Madrid,2,60600,17000,39.260685,-2.598502,False,449043
2026-03-14T07:15:17Z,15850,LMD2502,3,79309,71801,41.530743,2.2156546,False,"449020,449024"
2026-03-14T07:15:17Z,14123,Valencia - Alicante - Murcia - Cartagena,9,65000,61200,38.855854,-0.81264514,False,599014
2026-03-14T07:15:17Z,18321,Valladolid - Puebla Sanabria,2,31200,10600,41.805084,-6.133698,False,599007
2026-03-14T07:15:17Z,04334,Madrid - Ourense - A Coruña,-635,31412,17000,42.350533,-7.872692,False,106057
2026-03-14T07:15:17Z,05668,Madrid - Murcia,4,17000,61200,38.88789,-1.3033557,False,106012
2026-03-14T07:15:17Z,12101,Medina - Valladolid - León - Gijón,2,10600,15410,42.015743,-4.533869,False,470106
2026-03-14T07:15:17Z,13951,Sevilla - Almería,1,56310,05000,37.40517,-3.502603,False,599020
2026-03-14T07:15:17Z,15852,LMD2502,0,79309,71801,41.94812,2.804777,False,"447043,447068"
2026-03-14T07:15:17Z,03082,Madrid PA - Barcelona,0,71801,60000,41.47248,1.9698683,True,103026
